<?xml version="1.0" encoding="UTF-8"?>
<!DOCTYPE hibernate-mapping PUBLIC
	"-//Hibernate/Hibernate Mapping DTD 3.0//EN"
	"http://www.hibernate.org/dtd/hibernate-mapping-3.0.dtd" >

<hibernate-mapping package="net.gupt.cs.jee.vo">
	<class name="Singer" table="singer">
		<id name="id" column="id" type="int" >
			<generator class="identity"></generator>
		</id>
		<property name="name" column="name" type="string" length="45" />
		<property name="rank" column="rank" type="int" length="11" />
	</class>
</hibernate-mapping>