<?xml version='1.0' encoding='UTF-8'?>
<!DOCTYPE hibernate-configuration PUBLIC
          "-//Hibernate/Hibernate Configuration DTD 3.0//EN"
          "http://www.hibernate.org/dtd/hibernate-configuration-3.0.dtd">

<hibernate-configuration> 
   
      <session-factory>

          <property name="connection.driver_class">com.mysql.jdbc.Driver</property> 
          <property name="connection.url">jdbc:mysql://localhost:3306/myface</property> 
          <property name="connection.username">root</property> 
          <property name="connection.password">12345</property>
          <!-- 打印被执行的SQL语句 -->
          <property name="show_sql">true</property>
          
          <mapping resource="net/gupt/cs/jee/dao/Singer.hbm.xml" />
      </session-factory> 
  </hibernate-configuration>    

